{"cameraMode":{"drawMode":0,"name":"Shaded","section":"Shading Mode"},"sceneLighting":false,"audioPlay":false,"sceneViewState":{"showFog":true,"showMaterialUpdate":false,"showSkybox":false,"showFlares":true,"showImageEffects":true,"showParticleSystems":true},"in2DMode":false,"pivot":{"x":-15.588191032409668,"y":4.350826740264893,"z":-7.479617118835449},"rotation":{"x":0.14046041667461396,"y":0.6843834519386292,"z":-0.13687442243099214,"w":0.7022672295570374},"size":13.857943534851075,"orthographic":false}