{"cameraMode":{"drawMode":0,"name":"Shaded","section":"Shading Mode"},"sceneLighting":false,"audioPlay":false,"sceneViewState":{"showFog":true,"showMaterialUpdate":false,"showSkybox":false,"showFlares":true,"showImageEffects":true,"showParticleSystems":true},"in2DMode":false,"pivot":{"x":2.384185791015625e-7,"y":0.8850403428077698,"z":-0.007395803928375244},"rotation":{"x":-0.00044625383452512324,"y":0.9979920983314514,"z":0.0071768322959542278,"w":0.06325922161340714},"size":1.375217318534851,"orthographic":false}