{"cameraMode":{"drawMode":0,"name":"Shaded","section":"Shading Mode"},"sceneLighting":false,"audioPlay":false,"sceneViewState":{"showFog":true,"showMaterialUpdate":false,"showSkybox":false,"showFlares":true,"showImageEffects":true,"showParticleSystems":true},"in2DMode":false,"pivot":{"x":-10.420000076293946,"y":9.058919906616211,"z":-1.7881393432617188e-7},"rotation":{"x":0.3246152997016907,"y":-0.1299659013748169,"z":0.045084550976753238,"w":0.9357975125312805},"size":2.16694712638855,"orthographic":false}