{"cameraMode":{"drawMode":0,"name":"Shaded","section":"Shading Mode"},"sceneLighting":false,"audioPlay":false,"sceneViewState":{"showFog":true,"showMaterialUpdate":false,"showSkybox":false,"showFlares":true,"showImageEffects":true,"showParticleSystems":true},"in2DMode":false,"pivot":{"x":0.0,"y":3.450063943862915,"z":0.5218552350997925},"rotation":{"x":-0.008332991972565651,"y":0.9882053732872009,"z":-0.058182116597890857,"w":-0.14147555828094483},"size":4.680993556976318,"orthographic":false}