{"cameraMode":{"drawMode":0,"name":"Shaded","section":"Shading Mode"},"sceneLighting":false,"audioPlay":false,"sceneViewState":{"showFog":true,"showMaterialUpdate":false,"showSkybox":false,"showFlares":true,"showImageEffects":true,"showParticleSystems":true},"in2DMode":false,"pivot":{"x":2.297602653503418,"y":-1.3387930393218995,"z":0.5681498050689697},"rotation":{"x":0.10150313377380371,"y":-0.799873411655426,"z":0.14134076237678529,"w":0.5744194984436035},"size":1.813499927520752,"orthographic":false}