{"cameraMode":{"drawMode":0,"name":"Shaded","section":"Shading Mode"},"sceneLighting":true,"audioPlay":false,"sceneViewState":{"showFog":true,"showMaterialUpdate":false,"showSkybox":true,"showFlares":true,"showImageEffects":true,"showParticleSystems":true},"in2DMode":false,"pivot":{"x":11.893462181091309,"y":7.287109375,"z":-7.529609680175781},"rotation":{"x":0.47819235920906069,"y":0.23525004088878632,"z":-0.13466335833072663,"w":0.8353778719902039},"size":60.03950119018555,"orthographic":false}