{"cameraMode":{"drawMode":0,"name":"Shaded","section":"Shading Mode"},"sceneLighting":false,"audioPlay":false,"sceneViewState":{"showFog":true,"showMaterialUpdate":false,"showSkybox":false,"showFlares":true,"showImageEffects":true,"showParticleSystems":true},"in2DMode":false,"pivot":{"x":-0.578641414642334,"y":-0.30272865295410159,"z":-0.2997555732727051},"rotation":{"x":0.2672438621520996,"y":0.567635715007782,"z":-0.2016860991716385,"w":0.752138078212738},"size":2.4171266555786135,"orthographic":false}