{"cameraMode":{"drawMode":0,"name":"Shaded","section":"Shading Mode"},"sceneLighting":false,"audioPlay":false,"sceneViewState":{"showFog":true,"showMaterialUpdate":false,"showSkybox":false,"showFlares":true,"showImageEffects":true,"showParticleSystems":true},"in2DMode":false,"pivot":{"x":0.07029640674591065,"y":1.3142881393432618,"z":7.152557373046875e-7},"rotation":{"x":0.30707865953445437,"y":0.11242912709712982,"z":-0.036558013409376147,"w":0.9443215727806091},"size":3.2776379585266115,"orthographic":false}